City_ID,City,Lat,Lng,Max Temp,Humidity,Cloudiness,Wind Speed,Country,Date
0,aswan,24.0934,32.907,98.04,14,11,4.92,EG,1719559160
1,labytnangi,66.6572,66.4183,53.71,52,100,12.1,RU,1719559161
2,sabha,27.0377,14.4283,88.75,16,0,13.31,LY,1719559163
3,leo,11.1,-2.1,78.64,74,100,8.86,BF,1719559164
4,labuan,5.2767,115.2417,88.16,70,20,3.44,MY,1719559165
5,puerto natales,-51.7236,-72.4875,27.03,94,20,2.77,CL,1719559037
6,valparaiso,-33.0393,-71.6273,57,73,0,3.44,CL,1719558937
7,ushuaia,-54.8,-68.3,28.06,86,100,3.44,AR,1719558904
8,neiafu,-18.65,-173.9833,77.59,82,22,13.69,TO,1719559170
9,edinburgh of the seven seas,-37.0676,-12.3116,52.68,63,100,14.97,SH,1719559171
10,albany,42.6001,-73.9662,53.22,64,3,4.85,US,1719559172
11,enewetak,11.3474,162.3373,83.21,79,100,15.1,MH,1719559173
12,west island,-12.1568,96.8225,84.18,70,20,11.5,CC,1719559036
13,baki,-7.6128,110.7839,89.35,56,73,5.99,ID,1719559175
14,kalabo,-14.97,22.6814,63.34,44,0,8.48,ZM,1719559176
15,adamstown,-25.066,-130.1015,69.96,83,85,18.86,PN,1719559178
16,avarua,-21.2078,-159.775,77.05,94,75,11.5,CK,1719559179
17,bredasdorp,-34.5322,20.0403,59.83,48,0,6.44,ZA,1719559180
18,dalbandin,28.8947,64.4101,104.83,17,45,1.81,PK,1719559181
19,waitangi,-43.9535,-176.5597,51.82,93,34,4,NZ,1719559182
20,barro alto,-11.7608,-41.9117,60.78,88,16,4.21,BR,1719559183
21,misratah,32.3754,15.0925,84.27,44,0,7.16,LY,1719559184
22,dryden,49.7833,-92.7503,57.49,82,75,4.61,CA,1719559187
23,kodiak,57.79,-152.4072,47.71,100,100,0,US,1719559188
24,oyama,36.3,139.8,74.59,91,100,7.65,JP,1719559189
25,fortuna,40.5982,-124.1573,57.92,92,100,8.05,US,1719559190
26,prince rupert,54.3161,-130.3201,53.69,97,100,4.61,CA,1719559191
27,yellowknife,62.456,-114.3525,48.72,71,20,4.61,CA,1719559192
28,corner brook,48.9667,-57.9484,55.56,97,100,2.93,CA,1719559194
29,i-n-salah,27.1935,2.4607,105.6,7,21,12.24,DZ,1719559195
30,selfoss,63.9331,-20.9971,45.05,65,1,12.28,IS,1719559196
31,ribeira grande,38.5167,-28.7,69.78,77,20,6.91,PT,1719559197
32,saipan,15.1355,145.701,86.7,70,40,14.97,MP,1719559198
33,leh,34.1667,77.5833,64,33,71,3.8,IN,1719559199
34,punta arenas,-53.15,-70.9167,24.91,93,75,5.75,CL,1719559200
35,invercargill,-46.4,168.35,50.02,90,99,2.51,NZ,1719559201
36,plesetsk,62.708,40.2916,64.54,47,3,7.85,RU,1719559203
37,utrik,11.2278,169.8474,82.8,80,100,15.5,MH,1719559205
38,jamestown,42.097,-79.2353,55.71,97,0,4.61,US,1719558947
39,georgetown,5.4112,100.3354,91.35,49,20,11.5,MY,1719558934
40,karratha,-20.7377,116.8463,74.07,58,100,14.81,AU,1719559208
41,st. john's,47.5649,-52.7093,66.15,98,100,16.11,CA,1719559124
42,richards bay,-28.783,32.0377,66.76,76,0,5.99,ZA,1719559210
43,hadibu,12.65,54.0333,85.14,62,100,30.71,YE,1719559212
44,oranjemund,-28.55,16.4333,68.45,37,0,20.78,NA,1719559213
45,vadso,70.0744,29.7487,58.08,66,0,19.57,NO,1719559214
46,bilibino,68.0546,166.4372,59.02,62,100,6.82,RU,1719559215
47,olonkinbyen,70.9221,-8.7187,35.69,98,100,11.88,SJ,1719559218
48,port-aux-francais,-49.35,70.2167,36.03,59,71,32.53,TF,1719559219
49,verkhnevilyuysk,63.4453,120.3167,68.45,33,6,4.9,RU,1719559220
50,thompson,55.7435,-97.8558,42.96,81,0,8.05,CA,1719559086
51,hajin,34.6927,40.827,99.23,13,0,17.31,SY,1719559222
52,fairbanks,64.8378,-147.7164,68,61,75,4.61,US,1719559200
53,manokwari,-0.8667,134.0833,81.19,76,100,3.44,ID,1719559225
54,riacho de santana,-13.6092,-42.9389,67.6,53,2,4.99,BR,1719559226
55,cidreira,-30.1811,-50.2056,52.84,85,23,7.96,BR,1719559227
56,irymple,-34.25,142.1667,63.09,38,80,1.99,AU,1719559228
57,vorgashor,67.5833,63.95,47.19,65,100,17.31,RU,1719559229
58,grytviken,-54.2811,-36.5092,33.4,94,100,7.23,GS,1719559231
59,port macquarie,-31.4333,152.9167,56.89,85,0,1.99,AU,1719559232
60,ciudad del maiz,22.4,-99.6,67.55,94,100,2.91,MX,1719558951
61,happy valley-goose bay,53.3168,-60.3315,37.71,93,100,6.91,CA,1719559234
62,umm kaddadah,13.6017,26.6876,88.81,44,93,17.05,SD,1719559235
63,kailua-kona,19.6406,-155.9956,78.76,94,20,5.75,US,1719559236
64,port lincoln,-34.7333,135.8667,58.87,66,100,21.47,AU,1719559237
65,itoman,26.1247,127.6694,89.98,74,20,10.36,JP,1719559239
66,sarh,9.1429,18.3923,75,85,100,3.62,TD,1719559240
67,fort st. john,56.2499,-120.8529,53.49,76,40,5.75,CA,1719559241
68,pyt-yakh,60.7499,72.8582,74.08,42,100,10.42,RU,1719559242
69,nouadhibou,20.931,-17.0347,69.78,68,90,19.57,MR,1719559243
70,puerto ayora,-0.7393,-90.3518,69.55,98,98,1.99,EC,1719559245
71,papatowai,-46.5619,169.4708,45.54,92,95,5.01,NZ,1719559246
72,guerrero negro,27.9769,-114.0611,64.4,87,6,11.3,MX,1719559247
73,siwa oasis,29.2041,25.5195,91.99,20,0,4.92,EG,1719559248
74,fort mcmurray,56.7268,-111.381,54.99,50,0,6.91,CA,1719559249
75,hasaki,35.7333,140.8333,73.8,86,100,30.36,JP,1719559250
76,patterson,37.4716,-121.1297,68.18,58,0,2.73,US,1719559184
77,naze,28.3667,129.4833,83.32,76,88,11.68,JP,1719559252
78,tynda,55.1667,124.7167,72.12,40,93,4.74,RU,1719559254
79,khandyga,62.6667,135.6,68.9,33,61,1.88,RU,1719559255
80,bethel,41.3712,-73.414,60.94,70,53,4.74,US,1719559256
81,badger,64.8,-147.5333,67.91,62,75,4.61,US,1719559257
82,blackmans bay,-43.0167,147.3167,50.74,79,100,1.99,AU,1719559258
83,hohhot,40.8106,111.6522,89.89,37,20,8.95,CN,1719559259
84,anse-bertrand,16.4721,-61.5078,76.82,78,16,13.31,GP,1719559260
85,uturoa,-16.7333,-151.4333,79.92,79,58,24.72,PF,1719559261
86,iqaluit,63.7506,-68.5145,38.93,80,75,2.3,CA,1719559263
87,bucerias,20.75,-105.3333,79.99,84,75,3.58,MX,1719559019
88,namibe,-15.1961,12.1522,72.05,70,0,10.36,AO,1719559265
89,rongelap,11.1635,166.8941,83.57,74,99,15.19,MH,1719559266
90,touros,-5.1989,-35.4608,72.63,92,12,10.11,BR,1719559267
91,kitimat,54.0524,-128.6534,55.9,62,100,4,CA,1719559268
92,calatayud,41.3535,-1.6432,74.23,52,2,5.59,ES,1719559269
93,remire-montjoly,4.9167,-52.2667,77.04,94,0,1.14,GF,1719559270
94,udachny,66.4167,112.4,76.86,40,100,7.78,RU,1719559272
95,kristiansund,63.1115,7.732,60.85,77,75,17.27,NO,1719559273
96,kishanganj,26.1167,87.9333,90.34,65,97,10.27,IN,1719559275
97,yuzhno-kurilsk,44.0306,145.8556,61.61,83,47,6.15,RU,1719559278
98,margaret river,-33.95,115.0667,61.9,65,2,13.51,AU,1719559279
99,riberalta,-10.9833,-66.1,69.33,70,0,2.26,BO,1719559281
100,lebu,-37.6167,-73.65,45.23,82,93,8.61,CL,1719559041
101,dudinka,69.4058,86.1778,75.7,48,100,15.66,RU,1719559283
102,vallegrande,-18.4897,-64.1069,50.83,97,53,6.02,BO,1719559284
103,fale old settlement,-9.3852,-171.2468,84.63,73,100,17.67,TK,1719559285
104,tekeli,44.83,78.8239,90.14,23,1,11.45,KZ,1719559287
105,santyoku,37.4406,129.1708,75.63,62,4,6.02,KR,1719559288
106,mata-utu,-13.2816,-176.1745,82.53,82,3,18.61,WF,1719559289
107,wailua homesteads,22.0669,-159.378,74.19,86,40,14.97,US,1719559134
108,longyearbyen,78.2186,15.6401,39.04,87,100,21.85,SJ,1719559291
109,hermanus,-34.4187,19.2345,63.3,51,0,11.23,ZA,1719559292
110,eagle point,42.4726,-122.8028,58.21,67,100,3.29,US,1719559293
111,port mathurin,-19.6833,63.4167,71.76,75,100,23.42,MU,1719559294
112,coquimbo,-29.9533,-71.3436,53.33,85,100,4.61,CL,1719559102
113,cedeira,43.6797,-8.0209,61.99,81,100,23.78,ES,1719559297
114,gujo,35.7369,136.9585,68.23,98,100,2.19,JP,1719559298
115,pacasmayo,-7.4006,-79.5714,63.57,88,18,6.87,PE,1719559299
116,crane,31.3974,-102.3501,83.75,51,78,19.37,US,1719559300
117,atafu village,-8.5421,-172.5159,83.57,78,68,15.93,TK,1719559301
118,sultanah,24.4926,39.5857,100.85,8,0,5.75,SA,1719559302
119,daru,-9.0763,143.2092,79.77,89,34,17.07,PG,1719559303
120,sisimiut,66.9395,-53.6735,37.11,96,99,10.02,GL,1719559304
121,new norfolk,-42.7826,147.0587,51.93,72,100,5.88,AU,1719559306
122,ola,59.5833,151.2833,50.61,87,100,7.38,RU,1719559307
123,isangel,-19.55,169.2667,71.26,75,0,10.33,VU,1719559308
124,slave lake,55.2834,-114.769,51.78,71,0,4.61,CA,1719559309
125,tolanaro,-25.0319,46.9987,71.67,56,20,16.11,MG,1719559310
126,altoona,40.5187,-78.3947,58.21,82,34,1.28,US,1719559217
127,banda aceh,5.5577,95.3222,87.53,64,53,8.41,ID,1719559313
128,burang,30.25,81.1667,61.61,48,44,6.42,CN,1719559314
129,howard springs,-12.497,131.047,90.99,65,31,9.48,AU,1719559315
130,kingston,17.997,-76.7936,81.55,78,100,6.91,JM,1719559316
131,garissa,-0.4536,39.6401,83.95,44,90,24.87,KE,1719559317
132,litvinov,50.6042,13.6181,77.18,77,11,4.94,CZ,1719559318
133,punta del este,-34.9667,-54.95,55.51,84,100,21,UY,1719559043
134,windsor,42.3001,-83.0165,61.14,69,100,2.3,CA,1719559110
135,ust'-uda,54.1742,103.0304,86.25,23,6,8.99,RU,1719559322
136,ndioum,16.5129,-14.6471,76.89,47,7,9.01,SN,1719559323
137,hawaiian paradise park,19.5933,-154.9731,72.91,90,0,3.44,US,1719559324
138,ust-nera,64.5667,143.2,58.71,41,95,8.86,RU,1719559325
139,panacan,9.2463,118.4082,85.82,71,55,4.29,PH,1719559328
140,haiku-pauwela,20.9219,-156.3051,74.25,83,0,11.5,US,1719559329
141,hithadhoo,-0.6,73.0833,82.81,71,100,7.85,MV,1719559330
142,nefteyugansk,61.0998,72.6035,73.38,47,92,15.35,RU,1719559331
143,envira,-7.3,-70.2167,72.77,82,1,2.46,BR,1719559332
144,broken hill,-31.95,141.4333,60.66,28,18,13.87,AU,1719559333
145,benjamin constant,-4.3831,-70.0311,73.53,98,9,0.76,BR,1719559334
146,naha,26.2125,127.6811,89.87,74,20,13.8,JP,1719559335
147,puerto esperanza,-26.0152,-54.6731,59.04,93,100,2.66,AR,1719559336
148,petropavlovsk-kamchatsky,53.0452,158.6483,55.99,62,0,15.66,RU,1719559338
149,dili,-8.5586,125.5736,82.2,73,88,4.05,TL,1719559339
150,whitehorse,60.7161,-135.0538,65.17,52,75,10.36,CA,1719559340
151,kavaratti,10.5669,72.642,81.41,87,86,15.03,IN,1719559342
152,bansi,27.1833,82.9333,101.7,37,99,7.29,IN,1719559343
153,nuuk,64.1835,-51.7216,39.52,93,100,9.89,GL,1719559344
154,bontang,0.1333,117.5,84.83,68,19,7.63,ID,1719559346
155,lihue,21.9789,-159.3672,74.79,85,40,14.97,US,1719559347
156,trinidad,-14.8333,-64.9,64.65,75,3,3.62,BO,1719559348
157,labrador city,52.9463,-66.9114,42.71,100,100,0,CA,1719559349
158,komsomolets,53.7453,62.0708,62.17,89,100,22.06,KZ,1719559350
159,awjilah,29.1081,21.2869,84.99,40,0,11.3,LY,1719559351
160,praia da vitoria,38.7333,-27.0667,68.76,83,75,8.23,PT,1719559352
161,sorong,-0.8833,131.25,77.27,91,100,4.56,ID,1719559354
162,yarmouth,41.7057,-70.2286,64.96,62,20,21.99,US,1719559355
163,central,30.5544,-91.0368,80.4,89,20,0,US,1719559356
164,billdal,57.5667,11.9333,68.34,86,100,13,SE,1719559357
165,colonia,50.9333,6.95,67.24,71,0,12.66,DE,1719559358
166,homer,59.6425,-151.5483,53.49,76,75,5.75,US,1719559359
167,kidal,18.4411,1.4078,93.7,26,62,10.04,ML,1719559360
168,kill devil hills,36.0307,-75.676,72.99,97,0,0,US,1719559361
169,nar'yan-mar,67.6713,53.087,49.5,75,100,10.74,RU,1719559363
170,stanley,54.868,-1.6985,56.71,79,75,21.85,GB,1719559364
171,arraial do cabo,-22.9661,-42.0278,72.72,86,6,10.92,BR,1719559365
172,altai,46.3722,96.2583,64.67,41,100,7.38,MN,1719559366
173,thunder bay,48.4001,-89.3168,53.58,82,100,3.44,CA,1719559367
174,mount pearl,47.5166,-52.7813,65.32,98,100,16.11,CA,1719559368
175,qarazhal,48.0078,70.7903,100.38,16,87,25.08,KZ,1719559369
176,ahmadpur east,29.1431,71.2598,107.1,29,48,10.18,PK,1719559370
177,port elizabeth,-33.918,25.5701,69.31,56,0,2.3,ZA,1719559372
178,surin,14.8818,103.4936,89.98,56,100,10.87,TH,1719559373
179,talnakh,69.4865,88.3972,74.61,54,100,17.65,RU,1719559374
180,kaiapoi,-43.3783,172.6401,50.83,88,100,9.22,NZ,1719559375
181,ailuk,10.2197,169.9797,82.89,82,75,15.32,MH,1719559376
182,bullhead city,35.1478,-114.5683,101.62,19,0,3.24,US,1719559377
183,birobidzhan,48.8,132.95,75.85,86,61,13.78,RU,1719559380
184,freeport,40.6576,-73.5832,67.05,60,0,8.05,US,1719559258
185,carolina beach,34.0352,-77.8936,76.06,95,76,6.24,US,1719559375
186,nagqu,31.5,92,57.02,49,100,6.46,CN,1719559383
187,castillos,-34.1667,-53.8333,50.29,83,100,9.44,UY,1719559384
188,phan rang-thap cham,11.5667,108.9833,89.13,61,46,10.18,VN,1719559385
189,tralee,52.2704,-9.7026,53.85,82,100,6.91,IE,1719559386
190,gulf shores,30.246,-87.7008,83.07,78,0,10.36,US,1719559388
191,wuzhou,23.4833,111.3167,88.07,74,100,5.28,CN,1719559389
192,nadi,-17.8,177.4167,77,78,40,5.75,FJ,1719559390
193,lethbridge,49.7,-112.8186,52.29,93,100,31.07,CA,1719559358
194,dabhoi,22.1833,73.4333,89.53,57,92,15.66,IN,1719559392
195,gisborne,-38.6533,178.0042,50.65,80,9,3.76,NZ,1719559393
196,nemuro,43.3236,145.575,59.5,87,20,13.62,JP,1719559394
197,east london,-33.0153,27.9116,63.54,82,0,4.61,ZA,1719559396
198,langepas,61.2544,75.2124,71.62,54,52,12.64,RU,1719559397
199,portland,45.5234,-122.6762,59.09,80,20,5.75,US,1719559025
200,lompoc,34.6391,-120.4579,55.29,85,100,6.91,US,1719559399
201,tierp,60.3427,17.5181,77.99,41,100,8.01,SE,1719559400
202,watertown,42.3709,-71.1828,61.14,60,0,3,US,1719559401
203,terenos,-20.4422,-54.8603,67.71,82,0,11.5,BR,1719559402
204,saldanha,-33.0117,17.9442,62.65,42,0,16.08,ZA,1719559403
205,nikolayevsk-on-amure,53.1406,140.73,70.02,82,86,4.85,RU,1719559404
206,hammerfest,70.6634,23.6821,54.05,66,0,12.66,NO,1719559406
207,sandpoint,48.2766,-116.5533,50.68,75,0,1.01,US,1719559407
208,luderitz,-26.6481,15.1594,70.41,36,0,17.34,NA,1719559410
209,port alfred,-33.5906,26.891,66.9,45,0,7.78,ZA,1719559411
210,sitka,57.0531,-135.33,57.09,82,100,10.36,US,1719559412
211,brandon,27.9378,-82.2859,82.31,93,75,4.61,US,1719559413
212,fort bragg,35.139,-79.006,75.2,84,100,3.44,US,1719559414
213,constantia,44.1833,28.65,84.88,58,0,10.85,RO,1719559271
214,sur,22.5667,59.5289,88.5,67,100,8.19,OM,1719559416
215,sittwe,20.15,92.9,84.06,81,100,14.29,MM,1719559417
216,qaqortoq,60.7167,-46.0333,42.73,83,100,1.88,GL,1719559418
217,alice springs,-23.7,133.8833,78.35,34,0,11.5,AU,1719559420
218,mount gambier,-37.8333,140.7667,50.88,91,100,17.2,AU,1719559421
219,callao,-12.0667,-77.15,61.72,94,100,5.75,PE,1719559414
220,meraux,29.933,-89.9498,81,86,0,5.75,US,1719559423
221,isafjordur,66.0755,-23.124,42.84,70,40,4.61,IS,1719559424
222,kittila,67.6647,24.8936,70.61,40,0,6.91,FI,1719559228
223,jiujiang,29.7333,115.9833,76.53,97,100,6.02,CN,1719559426
224,robertsport,6.7533,-11.3686,77.41,87,100,5.41,LR,1719559427
225,kourou,5.1552,-52.6478,77.05,90,12,3.91,GF,1719559429
226,port de pollenca,39.9075,3.0814,82.29,73,11,12.28,ES,1719559430
227,lorengau,-2.0226,147.2712,82.15,81,51,9.86,PG,1719559431
228,saint-philippe,-21.3585,55.7679,72.99,68,61,14.52,RE,1719559432
229,kolda,12.8833,-14.95,80.91,94,0,4.61,SN,1719559434
230,pemangkat,1.1667,108.9667,84.29,76,100,4.18,ID,1719559435
231,hamilton,39.1834,-84.5333,67.98,79,0,3,US,1719559436
232,ariquemes,-9.9133,-63.0408,68.9,62,0,1.19,BR,1719559437
233,keflavik,64.0049,-22.5624,48.11,81,75,19.57,IS,1719559438
234,williams lake,52.1415,-122.1445,53.17,96,40,4.61,CA,1719559439
235,gadzhiyevo,69.2551,33.3362,57.52,66,71,2.42,RU,1719559440
236,frederico westphalen,-27.3592,-53.3944,46.08,87,99,1.54,BR,1719559441
237,jayapura,-2.5333,140.7,87.19,85,35,4.68,ID,1719559444
238,paka,4.6374,103.4368,85.93,74,40,6.91,MY,1719559445
239,aldan,58.6031,125.3894,59.95,38,100,10.38,RU,1719559446
240,dolores,-36.3132,-57.6792,43.2,77,0,12.19,AR,1719559447
241,kilindoni,-7.9139,39.6668,78.73,74,92,19.98,TZ,1719559448
242,coahuayana de hidalgo,18.7,-103.6583,73.98,88,39,2.55,MX,1719559450
243,cururupu,-1.8283,-44.8683,72.05,100,63,1.54,BR,1719559451
244,mao,39.8885,4.2658,77.56,65,0,16.11,ES,1719559452
245,padangsidempuan,1.3667,99.2667,77.29,93,100,1.54,ID,1719559453
246,kabala,9.5833,-11.55,71.74,99,97,2.04,SL,1719559454
247,sandnessjoen,66.0217,12.6316,77.52,47,0,14.97,NO,1719559455
248,yorosso,12.3536,-4.7761,79.05,67,97,9.08,ML,1719559456
249,vikhorevka,56.1201,101.1636,89.19,23,98,5.3,RU,1719559457
250,belmonte,-15.8631,-38.8828,72.39,87,82,3.18,BR,1719559459
251,miri,4.4148,114.0089,89.74,70,40,8.05,MY,1719559460
252,aasiaat,68.7098,-52.8699,35.65,94,100,23.17,GL,1719559461
253,mvurwi,-17.0333,30.85,58.21,60,1,10.36,ZW,1719559462
254,mirriah,13.7073,9.1501,84.81,61,0,12.66,NE,1719559463
255,chester,40.1254,-75.8749,64.09,74,0,1.01,US,1719559464
256,tazacorte,28.629,-17.9293,68.97,84,75,10.36,ES,1719559465
257,lerwick,60.1545,-1.1494,55.4,95,100,14.2,GB,1719559466
258,college,64.8569,-147.8028,67.98,59,75,4.61,US,1719559132
259,monticello,45.3055,-93.7941,67.95,94,100,17.27,US,1719559470
260,huangshan,29.7114,118.3125,74.52,98,100,2.8,CN,1719559471
261,qurayyat,31.3318,37.3428,93.38,17,0,17.27,SA,1719559472
262,tadine,-21.55,167.8833,68.49,69,2,9.42,NC,1719559475
263,meadow lakes,61.6247,-149.6011,57.29,77,0,1.01,US,1719559477
264,merizo village,13.2658,144.6691,88.36,80,0,13.82,GU,1719559479
265,kapuskasing,49.4169,-82.4331,50,93,0,6.91,CA,1719559480
266,urangan,-25.3,152.9,70.2,85,0,5.01,AU,1719559481
267,huarmey,-10.0681,-78.1522,63.34,89,66,5.93,PE,1719559482
268,rawson,-43.3002,-65.1023,36.9,73,12,19.93,AR,1719559483
269,esmeraldas,-19.7625,-44.3139,63.73,63,18,1.99,BR,1719559484
270,ankazoabo,-22.2833,44.5167,72.82,29,0,6.29,MG,1719559485
271,dondo,-19.6094,34.7431,67.55,68,51,7.85,MZ,1719559486
272,walvis bay,-22.9575,14.5053,70.75,52,0,6.91,NA,1719559488
273,machico,32.7,-16.7667,68.63,78,40,4.61,PT,1719559489
274,port saint john's,-31.6229,29.5448,65.61,51,0,5.03,ZA,1719559490
275,menongue,-14.6585,17.691,60.1,44,0,9.91,AO,1719559491
276,yaren,-0.5472,166.916,84.13,71,100,10.56,NR,1719559492
277,afaahiti,-17.75,-149.2833,76.87,85,57,25.3,PF,1719559493
278,zheleznogorsk,52.331,35.3711,72.84,66,17,9.37,RU,1719559494
279,quipapa,-8.8278,-36.0117,63.48,99,93,0.58,BR,1719559495
280,camabatela,-8.1881,15.375,69.06,32,52,7.9,AO,1719559497
281,ancud,-41.8697,-73.8203,43.75,72,30,7.4,CL,1719559498
282,puerto armuelles,8.2833,-82.8667,77.09,88,100,7,PA,1719559499
283,nakhon thai,17.1006,100.8374,88.36,68,100,6.13,TH,1719559500
284,masterton,-40.9597,175.6575,46.89,93,15,3.11,NZ,1719559501
285,north bend,43.4065,-124.2243,55.92,94,0,4.61,US,1719559502
286,cabo san lucas,22.8909,-109.9124,79.18,56,0,14.36,MX,1719559503
287,la ronge,55.1001,-105.2842,53.85,54,75,17.27,CA,1719559504
288,volodarskiy,46.4013,48.5409,82.35,28,100,13.8,RU,1719559506
289,itaituba,-4.2761,-55.9836,72.79,92,0,1.86,BR,1719559507
290,tura,25.5198,90.2201,83.32,88,99,6.13,IN,1719559508
291,arkhara,49.4212,130.0842,81.72,55,72,6.51,RU,1719559509
292,humberto de campos,-2.5983,-43.4611,73.44,94,6,2.93,BR,1719559513
293,shiloh,38.5614,-89.8973,76.12,79,75,0,US,1719559500
294,anadyr,64.75,177.4833,57.7,72,40,8.95,RU,1719559515
295,notodden,59.5594,9.2585,69.76,77,40,10.36,NO,1719559516
296,bubaque,11.2833,-15.8333,80.04,81,100,7.18,GW,1719559517
297,muisne,0.6,-80.0333,75.97,84,100,4.09,EC,1719559518
298,chonchi,-42.6128,-73.8092,38.41,85,93,3.33,CL,1719559520
299,kudahuvadhoo,2.6708,72.8944,83.3,73,99,7.76,MV,1719559521
300,toyooka,35.5333,134.8333,71.65,100,75,4.61,JP,1719559522
301,flying fish cove,-10.4217,105.6791,80.28,89,100,11.5,CX,1719559523
302,kone,-21.0595,164.8658,72.09,71,41,2.55,NC,1719559524
303,antofagasta,-23.65,-70.4,58.28,87,100,1.74,CL,1719559525
304,norilsk,69.3535,88.2027,74.41,54,100,17.87,RU,1719559526
305,maceio,-9.6658,-35.7353,69.24,94,20,3.44,BR,1719559335
306,villa gesell,-37.2639,-56.973,42.06,85,13,19.6,AR,1719559529
307,berdigestyakh,62.0989,126.6992,64.35,29,76,8.08,RU,1719559530
308,gamba,-2.65,10,73.45,89,41,5.93,GA,1719559531
309,pleiku,13.9833,108,79.72,78,100,6.11,VN,1719559532
310,alotau,-10.3069,150.4462,77.9,89,69,5.77,PG,1719559533
311,nalut,30.3333,10.85,92.77,13,0,10.69,LY,1719559536
312,laguna,38.421,-121.4238,71.15,56,0,5.75,US,1719559513
313,mili,6.0815,171.735,82.47,81,82,14.94,MH,1719559539
314,revda,56.801,59.9303,63.36,61,100,7.05,RU,1719559541
315,luanda,-8.8368,13.2343,71.6,88,75,5.75,AO,1719559542
316,moorhead,46.8739,-96.7676,66.22,92,100,17.27,US,1719559543
317,margate,51.3813,1.3862,60.91,67,0,15.23,GB,1719559253
318,ilulissat,69.2167,-51.1,41.02,87,100,13.8,GL,1719559547
319,mazamari,-11.3258,-74.5308,71.49,87,98,2.06,PE,1719559548
320,rayadrug,14.7,76.8667,87.39,48,100,20.92,IN,1719559549
321,biloela,-24.4167,150.5,68.99,77,100,3.18,AU,1719559550
322,minas de marcona,-15.2119,-75.1103,54.66,79,32,3,PE,1719559551
323,woodward,36.4337,-99.3904,78.03,94,75,11.5,US,1719559552
324,azul,-36.777,-59.8585,39.74,78,3,10.51,AR,1719559553
325,jambi city,-1.6,103.6167,84.83,84,87,3.31,ID,1719559554
326,avon,41.4517,-82.0354,59.7,90,75,4.61,US,1719559473
327,chernyshevskiy,63.0128,112.4714,75.02,53,100,5.46,RU,1719559557
328,santo antonio do monte,-20.0872,-45.2936,61.68,58,30,1.32,BR,1719559558
329,klyuchi,52.2667,79.1667,93.13,30,34,9.75,RU,1719559559
330,ressano garcia,-25.442,31.9913,67.53,65,4,4,MZ,1719559562
331,vilyuysk,63.7553,121.6247,68.25,32,6,6.02,RU,1719559563
332,polna,49.487,15.7188,73.53,75,20,6.06,CZ,1719559565
333,san patricio,28.017,-97.5169,85.89,87,0,8.34,US,1719559131
334,pakuranga,-36.8833,174.9167,52.32,73,68,4.61,NZ,1719559568
335,ust'-kulom,61.6864,53.6902,60.03,42,2,8.46,RU,1719559569
336,isla vista,34.4133,-119.861,63.45,86,0,3.44,US,1719559570
337,itupiranga,-5.1347,-49.3267,79.12,77,0,2.37,BR,1719559571
338,cill airne,52.05,-9.5167,53.65,82,100,6.91,IE,1719559572
339,upata,8.0086,-62.3989,75.2,97,100,2.37,VE,1719559573
340,bikaner,28.0167,73.3,95.77,45,100,5.12,IN,1719559574
341,bori,4.6737,7.362,78.33,88,100,1.86,NG,1719559575
342,bikenibeu village,1.3673,173.1241,85.96,74,40,8.05,KI,1719559577
343,canoinhas,-26.1772,-50.39,45.63,77,100,2.57,BR,1719559578
344,lethem,3.3803,-59.7968,73.56,93,97,5.3,GY,1719559580
345,jackson,42.4165,-122.8345,58.06,69,100,1.86,US,1719559430
346,vieste,41.8825,16.175,79.29,57,0,6.58,IT,1719559583
347,kyaikkami,16.08,97.5675,83.34,78,32,11.3,MM,1719559584
348,malango,-2.9627,119.9001,79.7,69,93,4.5,ID,1719559585
349,kuta,-8.7233,115.1723,85.95,79,20,12.66,ID,1719559586
350,mazagao,-0.115,-51.2894,77.05,99,21,3.47,BR,1719559587
351,martapura,-3.4167,114.85,89.69,70,40,8.05,ID,1719559588
352,novoagansk,61.9449,76.6625,71.67,54,26,14.56,RU,1719559589
353,polyarnyy,69.1989,33.4478,57.07,67,70,0.85,RU,1719559590
354,glendive,47.1053,-104.7125,56.75,82,0,9.22,US,1719559592
355,nosy varika,-20.5833,48.5333,68.61,65,100,3.89,MG,1719559593
356,tangalle,6.024,80.7911,91.56,57,86,15.05,LK,1719559594
357,tiksi,71.6872,128.8694,49.05,52,62,6.35,RU,1719559595
358,black river,18.0264,-77.8487,78.57,86,100,5.1,JM,1719559596
359,strathmore,51.0501,-113.3852,51.35,93,100,21.85,CA,1719559597
360,taoudenni,22.6783,-3.9836,97.2,8,99,19.98,ML,1719559598
361,encruzilhada do sul,-30.5439,-52.5219,47.97,84,100,8.43,BR,1719559599
362,ribeira brava,32.65,-17.0667,68.63,69,0,2.84,PT,1719559601
363,ghat,24.9647,10.1728,90.73,14,0,6.53,LY,1719559453
364,krasnogvardeyskoye,45.8456,41.5186,79.18,37,6,8.72,RU,1719559603
365,doffing,26.2745,-98.3858,81.95,88,0,9.22,US,1719559604
366,timbuktu,16.7735,-3.0074,93.65,29,55,12.59,ML,1719559605
367,tashla,51.7716,52.7427,67.82,61,100,14.9,RU,1719559606
368,aripuana,-9.1667,-60.6333,68.97,60,5,2.08,BR,1719559607
369,pinhao,-25.6956,-51.6597,49.05,97,100,3.51,BR,1719559609
370,usol'ye,59.4268,56.6808,63.23,57,58,11.23,RU,1719559610
371,untsukul',42.7115,46.7866,61.07,68,100,2.98,RU,1719559611
372,cushing,35.9851,-96.767,81.39,65,0,10.36,US,1719559612
373,nova sintra,14.8667,-24.7167,73.94,80,7,15.9,CV,1719559613
374,bel ombre,-4.6167,55.4167,84.04,79,40,16.11,SC,1719559614
375,blythe,33.6103,-114.5964,97.25,30,0,12.66,US,1719559615
376,katsuren-haebaru,26.3369,127.8719,89.98,75,75,13.8,JP,1719559616
377,tshabong,-26.05,22.45,58.95,58,0,20.09,BW,1719559618
378,santa elena de uairen,4.6167,-61.1333,66.54,92,100,2.48,VE,1719559619
379,barra de santo antonio,-9.4047,-35.5072,69.08,76,80,1.97,BR,1719559620
380,puerto baquerizo moreno,-0.9,-89.6,70.75,86,100,9.48,EC,1719559621
381,vilyuchinsk,52.9306,158.4028,57.47,76,69,1.79,RU,1719559622
382,blenheim,-41.516,173.9528,46.53,83,100,7.36,NZ,1719559500
383,luganville,-15.5333,167.1667,76.96,81,38,7.58,VU,1719559624
384,sainte-marie,-20.8968,55.5496,75.33,61,0,17.27,RE,1719559626
385,santa cruz,-17.8,-63.1667,67.46,94,75,19.57,BO,1719559627
386,boyolangu,-8.1181,111.8935,82.38,78,80,5.95,ID,1719559628
387,sao jose da coroa grande,-8.8978,-35.1478,73.63,80,5,3.89,BR,1719559629
388,pyhajarvi,67.0701,27.2176,61.21,70,98,4.27,FI,1719559630
389,manta,-0.95,-80.7333,74.98,83,75,5.75,EC,1719559631
390,shalya,57.2471,58.7298,58.3,70,100,6.13,RU,1719559632
391,belomorsk,64.5232,34.7668,63.03,44,0,5.44,RU,1719559633
392,guia lopes da laguna,-21.4578,-56.1142,60.78,81,75,3.47,BR,1719559635
393,bandar-e lengeh,26.5579,54.8807,98.71,56,0,11.5,IR,1719559637
394,sarmanovo,55.2553,52.5891,59.68,77,100,15.52,RU,1719559638
395,formosa do rio preto,-11.0483,-45.1931,65.59,62,90,1.79,BR,1719559639
396,pisco,-13.7,-76.2167,60.85,94,100,5.75,PE,1719559417
397,newman,37.3138,-121.0208,70.03,58,0,3,US,1719559641
398,talara,-4.5772,-81.2719,67.35,80,91,13.44,PE,1719559642
399,holualoa,19.6228,-155.9522,75.04,94,20,5.75,US,1719559644
400,goundam,16.4145,-3.6708,93.04,33,100,16.6,ML,1719559645
401,markaz-e hukumat-e darweshan,31.1323,64.1934,109.69,7,2,8.05,AF,1719559646
402,carauari,-4.8828,-66.8958,74.1,81,37,1.5,BR,1719559647
403,temiskaming shores,47.4938,-79.7153,48,80,8,5.53,CA,1719559648
404,palmer,42.1584,-72.3287,57.38,77,0,4.61,US,1719559649
405,vila franca do campo,37.7167,-25.4333,66.61,99,89,5.73,PT,1719559650
406,san antonio de pale,-1.4014,5.6325,75.63,86,85,8.68,GQ,1719559651
407,rudnichnyy,59.617,52.4703,65.1,53,69,8.72,RU,1719559653
408,kalmunai,7.4167,81.8167,92.46,49,100,5.64,LK,1719559654
409,ingeniero jacobacci,-41.3427,-69.5448,31.82,71,1,12.86,AR,1719559655
410,turpan,42.9333,89.1667,112.1,11,100,2.59,CN,1719559656
411,yelizovo,53.1873,158.3805,57.34,62,0,15.66,RU,1719559657
412,san isidro de curuguaty,-24.5167,-55.7,57.92,92,98,2.71,PY,1719559658
413,dzialoszyn,51.117,18.8652,76.75,67,98,10.25,PL,1719559459
414,san pedro pochutla,15.7333,-96.4667,76.71,90,100,2.53,MX,1719559660
415,ciudad lazaro cardenas,17.9583,-102.2,76.42,82,74,4.12,MX,1719559662
416,kumbo,6.2,10.6667,64.11,89,100,2.15,CM,1719559663
417,severo-yeniseyskiy,60.3725,93.0408,86.85,29,10,10.36,RU,1719559665
418,sao gabriel da cachoeira,-0.1303,-67.0892,71.17,100,74,2.37,BR,1719559666
419,ndola,-12.9587,28.6366,63.23,52,9,10.51,ZM,1719559667
420,westport,41.1415,-73.3579,64.78,62,0,3.44,US,1719559593
421,bogale,16.2833,95.4,88.14,67,92,12.64,MM,1719559670
422,egilsstadir,65.2653,-14.3948,42.71,93,100,21.85,IS,1719559671
423,aruppukkottai,9.5167,78.1,97.23,40,91,3.96,IN,1719559672
424,mount isa,-20.7333,139.5,87.57,35,20,5.75,AU,1719559673
425,sosnogorsk,63.6023,53.8817,58.57,43,6,8.32,RU,1719559674
426,rexburg,43.826,-111.7897,54.91,39,1,7.16,US,1719559675
427,tacuarembo,-31.7333,-55.9833,46.98,90,100,7.78,UY,1719559676
428,monywa,22.1167,95.1333,95.99,45,100,17.25,MM,1719559677
429,atherton,53.5237,-2.4935,58.35,78,100,5.01,GB,1719559679
430,pokrovsk,48.282,37.1758,76.55,40,1,9.26,UA,1719559680
431,uliastay,47.7417,96.8444,68.7,38,100,7.85,MN,1719559681
432,kirchberg in tirol,47.3907,12.3072,71.69,72,13,1.01,AT,1719559682
433,howrah,22.5892,88.3103,86,89,75,4.61,IN,1719559451
434,eastham,41.8301,-69.9739,64.94,60,40,14,US,1719559684
435,tofol,5.3248,163.0078,82.18,83,100,2.3,FM,1719559686
436,ta`u,-14.2336,-169.5144,81.73,84,14,16.98,AS,1719559687
437,xingcheng,40.6167,120.7167,79.77,45,6,20.42,CN,1719559688
438,kruisfontein,-34.0033,24.7314,63.01,41,0,10.4,ZA,1719559689
439,sinabang,2.4803,96.3801,86.63,70,85,0.49,ID,1719559690
440,lionel town,17.8101,-77.2406,82.29,93,100,6.87,JM,1719559691
441,alofi,-19.0595,-169.9187,71.49,94,0,2.3,NU,1719559692
442,kuanda,56.3161,116.0806,77.97,36,100,15.7,RU,1719559695
443,balezino,57.9796,53.0106,66.83,55,4,12.57,RU,1719559696
444,murzuq,25.9155,13.9184,92.17,15,0,12.1,LY,1719559697
445,ayr,55.4627,-4.6339,54.99,87,75,13.8,GB,1719559698
446,adrar,20.5022,-10.0711,83.23,17,3,15.39,MR,1719559699
447,brisas barra de suchiate,14.55,-92.2167,79.32,86,99,5.19,MX,1719559701
448,longjiang,47.3303,123.1836,86.13,46,100,10.98,CN,1719559702
449,san pedro,14.35,121.0167,90.63,66,40,9.22,PH,1719559703
450,bardai,11.65,7.2333,78.03,70,90,13.27,NG,1719559704
451,dingzhou,38.5131,114.9956,98.71,17,100,11.52,CN,1719559705
452,codrington,-38.2667,141.9667,60.8,46,100,23.71,AU,1719559706
453,sampit,-2.5333,112.95,88.36,61,95,4.38,ID,1719559707
454,eenhana,-17.4667,16.3333,60.19,43,2,12.17,NA,1719559708
455,celestun,20.8667,-90.4,79.59,85,96,10.36,MX,1719559710
456,bakanas,44.8081,76.2772,104.76,12,39,13.78,KZ,1719559712
457,daloa,6.8774,-6.4502,72.5,99,100,2.57,CI,1719559713
458,zhaotong,27.3167,103.7167,71.15,81,100,10.4,CN,1719559714
459,sterling,39.0062,-77.4286,72.23,70,0,6.91,US,1719559063
460,martos,37.7211,-3.9726,66.42,83,96,1.99,ES,1719559716
461,mpulungu,-8.7623,31.1141,75.54,51,7,10.83,ZM,1719559719
462,tumayr,25.7039,45.868,100.9,9,1,3.8,SA,1719559720
463,verkhniy ufaley,56.0567,60.2306,59.36,98,100,7.02,RU,1719559721
464,gaspe,48.8334,-64.4819,53.51,100,75,2.3,CA,1719559502
465,joshimath,30.5667,79.5667,79.07,52,38,8.55,IN,1719559724
466,tsarevo,42.1667,27.85,76.96,55,0,13,BG,1719559725
467,brak,27.5496,14.2714,90.93,15,0,13.35,LY,1719559727
468,isola di capo rizzuto,38.96,17.0933,83.19,42,0,3.44,IT,1719559728
469,multai,21.7667,78.25,82.6,71,100,7.02,IN,1719559729
470,harstad,68.799,16.5293,64.62,66,61,8.99,NO,1719559730
471,ad dasmah,29.365,48.0014,105.94,17,0,14.05,KW,1719559731
472,palikir - national government center,6.9248,158.1611,81.34,83,100,0,FM,1719559732
473,constitucion,-35.3333,-72.4167,47.44,72,99,15.12,CL,1719559733
474,saint-joseph,-21.3667,55.6167,71.98,65,32,15.32,RE,1719559734
475,taroudant,30.4703,-8.877,64.09,82,0,3.29,MA,1719559736
476,amancio,20.8257,-77.5799,76.08,90,100,1.54,CU,1719559737
477,kingscliff,-28.2667,153.5667,67.73,68,40,5.75,AU,1719559738
478,mel'nikovo,56.5558,84.085,87.26,44,84,6.55,RU,1719559739
479,puerto cabezas,14.0351,-83.3888,75.76,95,100,4.18,NI,1719559740
480,matao,-21.6033,-48.3658,61.07,78,0,1.63,BR,1719559741
481,puerto princesa,9.7392,118.7353,89.58,70,40,11.5,PH,1719559742
482,lagoa,39.05,-27.9833,67.19,85,76,8.88,PT,1719559743
483,los aquijes,-14.0967,-75.6908,61.81,75,95,2.62,PE,1719559745
484,acarau,-2.8856,-40.12,75.09,90,10,10.63,BR,1719559746
485,lewiston orchards,46.3804,-116.9754,62.91,64,39,6.13,US,1719559747
486,okhotsk,59.3833,143.3,48.45,91,100,2.89,RU,1719559748
487,carnarvon,-24.8667,113.6333,69.78,60,1,17.96,AU,1719559749
488,jhunjhunun,28.1307,75.4014,92.03,53,100,10.45,IN,1719559750
489,novodvinsk,64.4165,40.8122,64.15,40,17,4.36,RU,1719559753
490,zuunmod,47.7069,106.9528,56.43,62,30,17.6,MN,1719559754
491,ciudad rodrigo,40.6,-6.5333,68.77,85,71,5.79,ES,1719559755
492,santana,-0.0583,-51.1817,77.18,94,20,3.44,BR,1719559756
493,jwaneng,-24.6004,24.7303,55.63,65,55,15.84,BW,1719559757
494,novoishimskiy,53.1981,66.7694,77.9,60,100,15.93,KZ,1719559758
495,shigony,53.3875,48.6777,64.2,61,100,18.52,RU,1719559760
496,ceeldheer,3.8488,47.1806,82.81,66,100,23.11,SO,1719559761
497,serenje,-13.2325,30.2352,60.57,61,0,11.34,ZM,1719559763
498,carletonville,-26.3609,27.3977,52.66,49,0,4.18,ZA,1719559764
499,dubrajpur,23.8,87.3833,95.05,40,100,7.11,IN,1719559765
500,moramanga,-18.9333,48.2,61.59,58,33,8.23,MG,1719559767
501,kununurra,-15.7667,128.7333,91.38,40,20,9.22,AU,1719559768
502,noumea,-22.2763,166.4572,69.78,73,0,10.92,NC,1719559769
503,carbonear,47.7332,-53.2148,66.04,99,100,12.95,CA,1719559770
504,susuman,62.7833,148.1667,53.28,49,100,19.95,RU,1719559771
505,kavieng,-2.5744,150.7967,81.27,83,100,7.36,PG,1719559772
506,forio,40.7342,13.8646,77.29,86,0,1.99,IT,1719559773
507,dickson,36.077,-87.3878,71.04,92,20,0,US,1719559771
508,egersund,58.4513,5.9997,65.37,81,42,13.98,NO,1719559776
509,chapaev,50.2,51.1667,73.85,46,100,13.33,KZ,1719559777
510,gewane,10.1664,40.6453,90.99,35,44,22.08,ET,1719559778
511,la mojonera,37.2923,-2.4373,66.16,85,83,4.81,ES,1719559779
512,xinyang,32.1228,114.0656,73.11,97,100,5.95,CN,1719559780
513,nuku'alofa,-21.1333,-175.2,73.74,83,75,10.36,TO,1719559781
514,moroto,2.5345,34.6666,73.54,58,31,3.91,UG,1719559782
515,ximeicun,24.9639,118.3794,89.37,64,100,9.84,CN,1719559783
516,cadale,2.7603,46.3222,80.42,76,59,24.76,SO,1719559785
517,sao joao da barra,-21.6403,-41.0511,71.76,87,60,3.18,BR,1719559786
518,longboat key,27.4125,-82.659,84.2,62,100,5.01,US,1719559787
519,navolato,24.7672,-107.6944,79.11,77,99,4.27,MX,1719559788
520,'alaqahdari dishu,30.4374,63.313,110.39,10,7,12.24,AF,1719559789
521,dubbo,-32.25,148.6167,57.33,47,0,0,AU,1719559790
522,bani walid,31.7566,13.9942,90.64,20,0,10.94,LY,1719559791
523,viedma,-40.8135,-62.9967,41.45,66,75,14.65,AR,1719559792
524,kurumkan,54.3,110.3,83.75,32,12,1.86,RU,1719559794
525,bosaso,11.2842,49.1816,99.12,35,91,15.17,SO,1719559795
526,mahina,-17.5065,-149.489,78.57,78,20,5.75,PF,1719559796
527,akjoujt,19.6969,-14.4164,85.64,19,4,16.96,MR,1719559797
528,manlleu,42.0023,2.2848,77.45,73,100,2.68,ES,1719559798
529,necochea,-38.5473,-58.7368,44.44,77,69,17.52,AR,1719559800
530,bukama,-9.2,25.85,81.88,31,0,3.6,CD,1719559801
531,buka,40.8108,69.1986,103.98,17,25,10.33,UZ,1719559802
532,manga,11.6636,-1.0731,84.07,60,84,13.6,BF,1719559805
533,antsohihy,-14.8796,47.9875,83.91,33,12,15.21,MG,1719559806
534,kani keli,-12.9536,45.1033,81.66,71,71,18.59,YT,1719559807
535,kismayo,-0.3582,42.5454,81.52,70,83,20.87,SO,1719559809
536,roswell,34.0232,-84.3616,74.23,93,0,0,US,1719559677
537,santiago de cao,-7.9589,-79.2392,64.53,88,100,5.75,PE,1719559811
538,suomussalmi,64.8869,28.9078,74.7,50,0,9.08,FI,1719559812
539,greenville,35.6127,-77.3663,75.36,96,0,5.75,US,1719559601
540,vernon,50.2581,-119.2691,58.44,58,100,3,CA,1719559809
541,opuwo,-18.0607,13.84,65.93,34,0,12.62,NA,1719559816
542,quellon,-43.1167,-73.6167,42.17,79,42,7.65,CL,1719559818
543,iskateley,67.6803,53.1512,50.07,74,100,11.72,RU,1719559802
544,santo antonio do ica,-3.1022,-67.9397,71.65,97,88,2.71,BR,1719559822
545,chibougamau,49.9168,-74.3659,38.82,87,0,4.65,CA,1719559823
546,tukrah,32.5341,20.5791,80.91,67,0,10.2,LY,1719559824
547,port hueneme,34.1478,-119.1951,67.53,84,0,6.91,US,1719559825
548,la sarre,48.8002,-79.1996,43.05,93,19,4.79,CA,1719559826
549,seydi,39.4816,62.9137,89.55,17,4,16.78,TM,1719559827
550,pocao de pedras,-4.6667,-44.85,70.07,97,5,2.91,BR,1719559829
551,papao,-17.75,-149.55,78.48,84,8,28.57,PF,1719559830
552,olovyannaya,50.95,115.5667,68.67,69,100,1.68,RU,1719559831
553,ketchikan,55.3422,-131.6461,57.18,94,100,5.75,US,1719559832
554,ambalangoda,6.2355,80.0538,86.99,74,81,10.92,LK,1719559833
555,hangu,39.2489,117.7892,96.84,45,0,18.72,CN,1719559834
556,salinopolis,-0.6136,-47.3561,78.35,85,72,8.99,BR,1719559836
557,weno,7.4515,151.8468,84.15,79,100,5.75,FM,1719559837
558,pikalevo,59.5183,34.1664,80.73,38,3,3.67,RU,1719559838
559,serro,-18.6047,-43.3794,57.09,72,86,2.42,BR,1719559795
560,waitara,-38.925,174.25,48,81,78,3,NZ,1719559840
561,likhoslavl',57.1275,35.464,80.82,46,0,2.93,RU,1719559841
562,charters towers,-20.1,146.2667,74.26,70,99,11.52,AU,1719559842
563,anaconda,46.1285,-112.9423,49.19,73,1,6.78,US,1719559843
564,saint-francois,46.4154,3.9054,73.65,88,0,2.3,FR,1719559845
565,road town,18.4167,-64.6167,80.69,76,80,16.15,VG,1719559846
566,port pirie,-33.1833,138.0167,64.06,37,100,14.43,AU,1719559848
567,najafabad,32.6344,51.3668,90.14,14,6,6.71,IR,1719559849
568,geraldton,-28.7667,114.6,66.61,77,75,21.85,AU,1719559850
569,sheregesh,52.9209,87.9869,83.26,46,74,4.23,RU,1719559852
570,bakchar,57.0186,82.0711,87.33,33,6,5.91,RU,1719559853
571,zarand,30.8127,56.564,95.72,12,17,3.44,IR,1719559854
572,cooma,-36.2333,149.1333,39.33,80,3,4.05,AU,1719559855
573,san ignacio de velasco,-16.3667,-60.95,60.46,70,5,2.8,BO,1719559856
